metric,value
avg_wait_time_min,36.02644665461121
median_wait_time_min,14.0
lwbs_rate,0.01422776911076443
avg_lov_min,298.607124217119
boarding_mean_min,204.6640765092648
