metric,value
avg_wait_time_min,27.019834990958408
median_wait_time_min,10.5
lwbs_rate,0.0099594383775351
avg_lov_min,298.607124217119
boarding_mean_min,173.9644650328751
